{
  "config": {
    "alpha": 0.04,
    "card_reward_fallback_margin": 0.25,
    "epsilon_decay_episodes": 2500,
    "epsilon_end": 0.04,
    "epsilon_start": 0.4,
    "gamma": 0.96,
    "gradient_clip": 20.0,
    "heuristic_explore_probability": 0.65,
    "heuristic_tiebreak_margin": 0.1,
    "imitation_alpha": 0.04,
    "imitation_margin": 1.0,
    "imitation_target": 2.0,
    "low_hp_fallback_margin": 4.0,
    "low_hp_fallback_ratio": 0.35,
    "map_fallback_margin": 0.25,
    "medium_hp_fallback_margin": 1.5,
    "medium_hp_fallback_ratio": 0.55,
    "risk_aware_fallback": true,
    "weight_clip": 50.0
  },
  "name": "linear_q",
  "schema_version": 1,
  "uses_linear_approximation": true,
  "weights": {
    "action:choose_card_reward": 50.0,
    "action:choose_map_node": -22.278738218733604,
    "action:end_turn": -20.60828721023903,
    "action:play_card": -8.613941257988929,
    "bias": 38.25091651397682,
    "critical_hp": 0.2501920168180918,
    "deck_role:attack": 15.755558428420088,
    "deck_role:attack_debuff": 1.1029712056577754,
    "deck_role:block": 13.57910293914401,
    "deck_role:debuff": 4.971650929190797,
    "deck_role:other": 2.8416330115675503,
    "deck_size_norm": 8.517289698145003,
    "enemy_count_norm": 2.2064500388099355,
    "enemy_intent:unknown": 2.2014196508199757,
    "enemy_total_hp_norm": 4.355758154570162,
    "energy_norm": 50.0,
    "gold_norm": 4.820730629769264,
    "hand_role:attack": -0.5110014110182769,
    "hand_role:attack_debuff": -0.8624296025316667,
    "hand_role:block": -4.265281571405878,
    "hand_role:debuff": 0.7290264095283226,
    "hand_role:other": 0.07137008465327939,
    "hp_ratio": 21.75473290287393,
    "low_hp": 2.110951687998589,
    "map_elite_at_low_hp": -0.2348096580833217,
    "map_node:boss": -4.677092051092425,
    "map_node:boss|low_hp": -0.23539757774047615,
    "map_node:combat": -4.391450418483815,
    "map_node:combat|low_hp": 0.02509371214836094,
    "map_node:elite": -2.8209655663916586,
    "map_node:elite|low_hp": -0.1428474649213544,
    "map_node:event": -4.580485552807943,
    "map_node:event|low_hp": 0.02341270164109752,
    "map_node:treasure": -1.70472764951154,
    "map_node:treasure|low_hp": 0.3856332012481902,
    "map_node:waiting_room": -4.104016980445835,
    "map_node:waiting_room|low_hp": 0.2021924004357049,
    "map_treasure": -1.70472764951154,
    "map_waiting_room_at_low_hp": 0.6287392291518444,
    "missing_hp_ratio": 16.496183611106282,
    "phase:card_reward": 50.0,
    "phase:card_reward|action:choose_card_reward": 50.0,
    "phase:combat": -29.222228468228902,
    "phase:combat|action:end_turn": -20.60828721023903,
    "phase:combat|action:play_card": -8.613941257988929,
    "phase:map": -22.278738218733604,
    "phase:map|action:choose_map_node": -22.278738218733604,
    "play_block_norm": 0.6055326761442879,
    "play_block_per_cost": 1.2110653522885757,
    "play_cost_norm": 4.868779727635244,
    "play_damage_norm": -0.44244866560537416,
    "play_damage_per_cost": -0.8848973312107483,
    "play_damage_vs_weak_enemy": -3.8694896472402007,
    "play_quality_at_low_hp": 0.6903263387950418,
    "play_quality_norm": 7.119404730704407,
    "play_role:attack": -0.19345403360903354,
    "play_role:attack_debuff": -2.6853353125480113,
    "play_role:attack_debuff|phase:combat": -2.6853353125480113,
    "play_role:attack|phase:combat": -0.19345403360903354,
    "play_role:block": -2.8395555087262547,
    "play_role:block|phase:combat": -2.8395555087262547,
    "play_role:debuff": -2.6793556198239967,
    "play_role:debuff|phase:combat": -2.6793556198239967,
    "play_role:other": -0.21624078328057245,
    "play_role:other|phase:combat": -0.21624078328057245,
    "play_status_norm": 20.46505775172443,
    "play_utility_norm": 7.674396656896818,
    "relic_count_norm": -1.5989690512634818,
    "reward_block_norm": 4.123166451025649,
    "reward_block_per_cost": 8.246332902051298,
    "reward_damage_norm": 2.9895660776121034,
    "reward_damage_per_cost": 5.979132155224207,
    "reward_low_deck_attack": 2.039385892746286,
    "reward_low_deck_block": 0.3263506138186853,
    "reward_quality": 5.076544549542377,
    "reward_quality_norm": 5.076544549542377,
    "reward_role:attack_debuff": 19.930440517414024,
    "reward_role:block": 21.146340952832027,
    "reward_role:debuff": 23.16687399772242,
    "reward_role:other": 25.508227732972568,
    "reward_status_norm": 9.043869861190299,
    "reward_utility_norm": 3.3914511979463597,
    "target_damage_lethal": 0.39582184129203357,
    "target_hp_norm": -2.001438964420708,
    "target_is_weakest": 0.6395669283117761,
    "turn_norm": -3.735715146215279,
    "weakest_enemy_hp_norm": -2.1577421057203487
  }
}