policy,character_id,runs,wins,defeats,stalls,truncated,win_rate,average_reward,average_steps,average_completed_nodes,average_fights_won,average_gold,average_deck_size,average_relic_count,average_damage_dealt,average_damage_taken
heuristic,__overall__,50,14,36,0,0,0.28,42.83680000000002,127.74,9.28,5.66,209.08,15.48,1.8,354.6,71.4
heuristic,bureaucrat,50,14,36,0,0,0.28,42.83680000000002,127.74,9.28,5.66,209.08,15.48,1.8,354.6,71.4
linear_q,__overall__,50,19,31,0,0,0.38,62.811400000000006,156.0,9.36,6.5,243.04,16.1,1.08,409.14,69.88
linear_q,bureaucrat,50,19,31,0,0,0.38,62.811400000000006,156.0,9.36,6.5,243.04,16.1,1.08,409.14,69.88
random,__overall__,50,2,48,0,0,0.04,3.3515999999999884,122.42,8.2,4.88,156.76,13.7,1.1,250.98,79.98
random,bureaucrat,50,2,48,0,0,0.04,3.3515999999999884,122.42,8.2,4.88,156.76,13.7,1.1,250.98,79.98
