{
  "config": {
    "alpha": 0.04,
    "card_reward_fallback_margin": 0.25,
    "epsilon_decay_episodes": 2500,
    "epsilon_end": 0.04,
    "epsilon_start": 0.4,
    "gamma": 0.96,
    "gradient_clip": 20.0,
    "heuristic_explore_probability": 0.65,
    "heuristic_tiebreak_margin": 0.1,
    "imitation_alpha": 0.04,
    "imitation_margin": 1.0,
    "imitation_target": 2.0,
    "low_hp_fallback_margin": 4.0,
    "low_hp_fallback_ratio": 0.35,
    "map_fallback_margin": 0.25,
    "medium_hp_fallback_margin": 1.5,
    "medium_hp_fallback_ratio": 0.55,
    "risk_aware_fallback": true,
    "weight_clip": 50.0
  },
  "name": "linear_q",
  "schema_version": 1,
  "uses_linear_approximation": true,
  "weights": {
    "action:choose_card_reward": -12.066722224042188,
    "action:choose_map_node": -9.212194288667073,
    "action:end_turn": -4.893682811518732,
    "action:play_card": -3.7116275596803656,
    "action:skip_card_reward": -3.5248278639878157,
    "bias": 26.433130940656163,
    "critical_hp": -7.992878049949695,
    "deck_role:attack": -1.5112885722590272,
    "deck_role:attack_debuff": 12.681529143569813,
    "deck_role:block": 21.38556232797155,
    "deck_role:debuff": -1.1167261575406375,
    "deck_size_norm": -20.402075308063292,
    "enemy_count_norm": -15.619873876946547,
    "enemy_intent:unknown": 2.2882939187555302,
    "enemy_total_hp_norm": -7.47459675002321,
    "energy_norm": 0.602767105686244,
    "gold_norm": -35.45365933956189,
    "hand_role:attack": 2.1622032135381075,
    "hand_role:attack_debuff": 1.9961024584761382,
    "hand_role:block": 0.3298965626470963,
    "hand_role:debuff": 1.0850347320263685,
    "hp_ratio": 12.299584964691206,
    "low_hp": -6.019556991813007,
    "map_elite_at_low_hp": 0.34996491583136063,
    "map_node:boss": -11.696114297500374,
    "map_node:boss|low_hp": 1.7305976909772853,
    "map_node:combat": 4.276848639050799,
    "map_node:combat|low_hp": 1.0997909466342128,
    "map_node:elite": -6.55965128040152,
    "map_node:elite|low_hp": 0.983595750006069,
    "map_node:event": 2.5441870459484357,
    "map_node:event|low_hp": -2.600311917754627,
    "map_node:treasure": 1.2494225343327783,
    "map_node:treasure|low_hp": -5.824496944619661,
    "map_node:waiting_room": 0.9731130699028405,
    "map_node:waiting_room|low_hp": 0.864973952191436,
    "map_treasure": 1.2494225343327783,
    "map_waiting_room_at_low_hp": -3.509040022054552,
    "missing_hp_ratio": 19.184282109144434,
    "phase:card_reward": -15.591550088029562,
    "phase:card_reward|action:choose_card_reward": -12.066722224042188,
    "phase:card_reward|action:skip_card_reward": -3.5248278639878157,
    "phase:combat": -8.605310371201089,
    "phase:combat|action:end_turn": -4.893682811518732,
    "phase:combat|action:play_card": -3.7116275596803656,
    "phase:map": -9.212194288667073,
    "phase:map|action:choose_map_node": -9.212194288667073,
    "play_block_norm": -4.468428274158146,
    "play_block_per_cost": 1.2021404203820245,
    "play_cost_norm": 1.3080398922618044,
    "play_damage_norm": 2.7215898742292137,
    "play_damage_per_cost": 1.3575361697519455,
    "play_damage_vs_weak_enemy": 1.0724887061299944,
    "play_quality_at_low_hp": 14.577846566130935,
    "play_quality_norm": -1.8831671928485196,
    "play_role:attack": -1.1452063026503543,
    "play_role:attack_debuff": -1.1817788802545757,
    "play_role:attack_debuff|phase:combat": -1.1817788802545757,
    "play_role:attack|phase:combat": -1.1452063026503543,
    "play_role:block": -0.6019719187017063,
    "play_role:block|phase:combat": -0.6019719187017063,
    "play_role:debuff": -0.7826704580720495,
    "play_role:debuff|phase:combat": -0.7826704580720495,
    "play_status_norm": -2.516581743417205,
    "play_utility_norm": -0.9437181537814872,
    "relic_count_norm": -24.979101226135434,
    "reward_block_norm": -0.6321930550716638,
    "reward_block_per_cost": 2.8899764694192576,
    "reward_damage_norm": 0.7992214394569669,
    "reward_damage_per_cost": -2.5658358976286086,
    "reward_low_deck_attack": -15.151240705355928,
    "reward_low_deck_block": -1.685527380208117,
    "reward_quality": -0.31728135445187444,
    "reward_quality_norm": -0.31728135445187444,
    "reward_role:attack": 13.262662601347488,
    "reward_role:attack_debuff": 16.493886076929076,
    "reward_role:block": 10.986967070694444,
    "reward_role:debuff": 12.082683848716941,
    "reward_status_norm": 3.3625133830662794,
    "reward_utility_norm": 1.2609425186498429,
    "skip_reward": -3.5248278639878157,
    "skip_reward_large_deck": -6.295731876664511,
    "target_damage_lethal": -0.03687495863395761,
    "target_hp_norm": 0.7175060714476006,
    "target_is_weakest": -0.05220435364651836,
    "turn_norm": -14.348221192743049,
    "weakest_enemy_hp_norm": -21.327908154277345
  }
}