{
  "config": {
    "alpha": 0.04,
    "card_reward_fallback_margin": 0.25,
    "epsilon_decay_episodes": 2500,
    "epsilon_end": 0.04,
    "epsilon_start": 0.4,
    "gamma": 0.96,
    "gradient_clip": 20.0,
    "heuristic_explore_probability": 0.65,
    "heuristic_tiebreak_margin": 0.1,
    "imitation_alpha": 0.04,
    "imitation_margin": 1.0,
    "imitation_target": 2.0,
    "low_hp_fallback_margin": 4.0,
    "low_hp_fallback_ratio": 0.35,
    "map_fallback_margin": 0.25,
    "medium_hp_fallback_margin": 1.5,
    "medium_hp_fallback_ratio": 0.55,
    "risk_aware_fallback": true,
    "weight_clip": 50.0
  },
  "name": "linear_q",
  "schema_version": 1,
  "uses_linear_approximation": true,
  "weights": {
    "action:choose_card_reward": 50.0,
    "action:choose_map_node": -49.44241179483336,
    "action:end_turn": -50.0,
    "action:play_card": 50.0,
    "bias": 49.2,
    "critical_hp": 49.2,
    "deck_role:attack": 49.946666666666665,
    "deck_role:attack_debuff": 49.78666666666667,
    "deck_role:block": 49.626666666666665,
    "deck_role:debuff": 49.84,
    "deck_role:other": 49.93846153846154,
    "deck_size_norm": 49.7,
    "enemy_count_norm": 49.8,
    "enemy_intent:unknown": 49.2,
    "enemy_total_hp_norm": 49.64363636363636,
    "energy_norm": 50.0,
    "gold_norm": 49.498666666666665,
    "hand_role:attack": 50.0,
    "hand_role:attack_debuff": 49.15072783990363,
    "hand_role:block": 49.56,
    "hand_role:debuff": 48.2176302617615,
    "hand_role:other": -49.68515438871803,
    "hp_ratio": 49.6381089559573,
    "low_hp": 49.2,
    "map_elite_at_low_hp": -4.3894202544385905,
    "map_node:boss": -50.0,
    "map_node:boss|low_hp": -27.120277033290936,
    "map_node:combat": -29.754281772326745,
    "map_node:combat|low_hp": -16.26888961516265,
    "map_node:elite": -38.0212037526893,
    "map_node:elite|low_hp": -2.4000000000000004,
    "map_node:event": -31.282776896003195,
    "map_node:event|low_hp": -5.047709332662198,
    "map_node:treasure": -13.643752449895327,
    "map_node:treasure|low_hp": -4.760213086243629,
    "map_node:waiting_room": -35.84750725400196,
    "map_node:waiting_room|low_hp": -3.3054452617240244,
    "map_treasure": -13.643752449895327,
    "map_waiting_room_at_low_hp": -5.301078751532899,
    "missing_hp_ratio": 49.5125,
    "phase:card_reward": 50.0,
    "phase:card_reward|action:choose_card_reward": 50.0,
    "phase:combat": 49.2,
    "phase:combat|action:end_turn": -50.0,
    "phase:combat|action:play_card": 50.0,
    "phase:map": -49.44241179483336,
    "phase:map|action:choose_map_node": -49.44241179483336,
    "play_block_norm": 50.0,
    "play_block_per_cost": 50.0,
    "play_cost_norm": 50.0,
    "play_damage_norm": 24.721595749464235,
    "play_damage_per_cost": 48.815631612516135,
    "play_damage_vs_weak_enemy": -16.276432538748168,
    "play_quality_at_low_hp": 50.0,
    "play_quality_norm": 50.0,
    "play_role:attack": 50.0,
    "play_role:attack_debuff": 45.26252645006495,
    "play_role:attack_debuff|phase:combat": 45.26252645006495,
    "play_role:attack|phase:combat": 50.0,
    "play_role:block": 50.0,
    "play_role:block|phase:combat": 50.0,
    "play_role:debuff": 50.0,
    "play_role:debuff|phase:combat": 50.0,
    "play_role:other": 3.2,
    "play_role:other|phase:combat": 3.2,
    "play_status_norm": 50.0,
    "play_utility_norm": 50.0,
    "relic_count_norm": 49.7,
    "reward_block_norm": 1.8492422838753275,
    "reward_block_per_cost": 3.2018394723340045,
    "reward_damage_norm": 0.9726017634410374,
    "reward_damage_per_cost": 1.9452035268820749,
    "reward_low_deck_attack": 7.127353616676436,
    "reward_low_deck_block": 0.13983620830815532,
    "reward_quality": 2.2280733634885035,
    "reward_quality_norm": 2.2280733634885035,
    "reward_role:attack": 9.726017634410375,
    "reward_role:block": 15.453897286383734,
    "reward_role:debuff": 16.482521363534772,
    "reward_role:other": 14.346113894288491,
    "reward_status_norm": 5.989967653650398,
    "reward_utility_norm": 2.24623787011889,
    "target_damage_lethal": -10.584949782204369,
    "target_hp_norm": 50.0,
    "target_is_weakest": 50.0,
    "turn_norm": 49.46666666666667,
    "weakest_enemy_hp_norm": 49.2
  }
}