{
  "config": {
    "alpha": 0.04,
    "card_reward_fallback_margin": 0.25,
    "epsilon_decay_episodes": 2500,
    "epsilon_end": 0.04,
    "epsilon_start": 0.4,
    "gamma": 0.96,
    "gradient_clip": 20.0,
    "heuristic_explore_probability": 0.65,
    "heuristic_tiebreak_margin": 0.1,
    "imitation_alpha": 0.04,
    "imitation_margin": 1.0,
    "imitation_target": 2.0,
    "low_hp_fallback_margin": 4.0,
    "low_hp_fallback_ratio": 0.35,
    "map_fallback_margin": 0.25,
    "medium_hp_fallback_margin": 1.5,
    "medium_hp_fallback_ratio": 0.55,
    "risk_aware_fallback": true,
    "weight_clip": 50.0
  },
  "name": "linear_q",
  "schema_version": 1,
  "uses_linear_approximation": true,
  "weights": {
    "action:choose_card_reward": -10.754487310830523,
    "action:choose_map_node": -6.235780929246356,
    "action:end_turn": 2.088671406141862,
    "action:play_card": -13.681148892281856,
    "action:skip_card_reward": -1.931327979012293,
    "bias": 12.938740484225308,
    "critical_hp": -6.9729706725335845,
    "deck_role:attack_debuff": 12.61224378710139,
    "deck_role:block": 8.150063481157353,
    "deck_role:debuff": 4.674074982484166,
    "deck_role:other": 2.498777618821814,
    "deck_size_norm": 1.5319929810787558,
    "enemy_count_norm": -6.640646511783215,
    "enemy_intent:unknown": -3.2942599172367597,
    "enemy_total_hp_norm": -7.296558401992737,
    "energy_norm": -1.7618481871656333,
    "gold_norm": -16.87973729588156,
    "hand_role:attack_debuff": 0.6954280041445142,
    "hand_role:block": 1.788763182790147,
    "hand_role:debuff": 2.161009176591232,
    "hand_role:other": 2.349336252257917,
    "hp_ratio": 14.539618430130282,
    "low_hp": 0.5309532678358069,
    "map_elite_at_low_hp": 0.3860422240208683,
    "map_node:boss": -9.08184262191016,
    "map_node:boss|low_hp": 1.3364101637789418,
    "map_node:combat": 3.1141697229160754,
    "map_node:combat|low_hp": -0.9588449342753427,
    "map_node:elite": -5.230898365402303,
    "map_node:elite|low_hp": 0.8221577176173156,
    "map_node:event": 2.278426794649586,
    "map_node:event|low_hp": -0.038921619554072785,
    "map_node:treasure": 1.248727685066163,
    "map_node:treasure|low_hp": -1.7707319939846013,
    "map_node:waiting_room": 1.435635855434779,
    "map_node:waiting_room|low_hp": -0.15807988984034704,
    "map_treasure": 1.248727685066163,
    "map_waiting_room_at_low_hp": -1.073083285051083,
    "missing_hp_ratio": 13.39554143943287,
    "phase:card_reward": -12.68581528984281,
    "phase:card_reward|action:choose_card_reward": -10.754487310830523,
    "phase:card_reward|action:skip_card_reward": -1.931327979012293,
    "phase:combat": -9.296229619585619,
    "phase:combat|action:end_turn": 2.088671406141862,
    "phase:combat|action:play_card": -13.681148892281856,
    "phase:map": -6.235780929246356,
    "phase:map|action:choose_map_node": -6.235780929246356,
    "play_block_norm": 5.894969320807545,
    "play_block_per_cost": 11.78993864161509,
    "play_cost_norm": -10.064103695857455,
    "play_damage_norm": 1.8057863021257587,
    "play_damage_per_cost": 3.6115726042515175,
    "play_damage_vs_weak_enemy": -1.3411855091231335,
    "play_quality_at_low_hp": 1.0521208493419827,
    "play_quality_norm": 8.569993812207215,
    "play_role:attack_debuff": 15.897158951113793,
    "play_role:attack_debuff|phase:combat": 15.897158951113793,
    "play_role:block": 15.244519237250266,
    "play_role:block|phase:combat": 15.244519237250266,
    "play_role:debuff": 16.473470672079962,
    "play_role:debuff|phase:combat": 16.473470672079962,
    "play_role:other": 17.961604620671544,
    "play_role:other|phase:combat": 17.961604620671544,
    "play_status_norm": 6.695863590003157,
    "play_utility_norm": 2.5109488462525293,
    "relic_count_norm": -1.8589071115135383,
    "reward_block_norm": 1.962955803704457,
    "reward_block_per_cost": 3.925911607408914,
    "reward_low_deck_block": -0.16710674656904914,
    "reward_quality": 1.2165733866277637,
    "reward_quality_norm": 1.2165733866277637,
    "reward_role:block": 14.242249669896383,
    "reward_role:debuff": 14.842724696033862,
    "reward_role:other": 16.313524031474593,
    "reward_status_norm": 2.3252828574826445,
    "reward_utility_norm": 0.8719810715559869,
    "skip_reward": -1.931327979012293,
    "skip_reward_large_deck": -0.8075729823641108,
    "target_damage_lethal": -0.01700001196352171,
    "target_hp_norm": 1.3891994200746804,
    "target_is_weakest": 0.11428483575474968,
    "turn_norm": 7.459627031974233,
    "weakest_enemy_hp_norm": -14.152050427925595
  }
}