{
  "config": {
    "alpha": 0.04,
    "card_reward_fallback_margin": 0.25,
    "epsilon_decay_episodes": 2500,
    "epsilon_end": 0.04,
    "epsilon_start": 0.4,
    "gamma": 0.96,
    "gradient_clip": 20.0,
    "heuristic_explore_probability": 0.65,
    "heuristic_tiebreak_margin": 0.1,
    "imitation_alpha": 0.04,
    "imitation_margin": 1.0,
    "imitation_target": 2.0,
    "low_hp_fallback_margin": 4.0,
    "low_hp_fallback_ratio": 0.35,
    "map_fallback_margin": 0.25,
    "medium_hp_fallback_margin": 1.5,
    "medium_hp_fallback_ratio": 0.55,
    "risk_aware_fallback": true,
    "weight_clip": 50.0
  },
  "name": "linear_q",
  "schema_version": 1,
  "uses_linear_approximation": true,
  "weights": {
    "action:choose_card_reward": -14.209631233362682,
    "action:choose_map_node": -9.323703821948726,
    "action:end_turn": -3.9319508415568305,
    "action:play_card": -2.5754704353246236,
    "action:skip_card_reward": -3.172796184380441,
    "bias": 9.47748384207159,
    "critical_hp": -7.680850309195641,
    "deck_role:attack": -5.41199348063479,
    "deck_role:attack_debuff": 2.4650214509457324,
    "deck_role:block": 34.0687001724074,
    "deck_role:debuff": -8.24361745125924,
    "deck_size_norm": -0.8677620956817402,
    "enemy_count_norm": -14.730798988616094,
    "enemy_intent:unknown": 0.9771862078378996,
    "enemy_total_hp_norm": -4.466060599506892,
    "energy_norm": -0.43573484475369983,
    "gold_norm": -22.589501953928185,
    "hand_role:attack": 1.5565325344615775,
    "hand_role:attack_debuff": 1.5995001517416823,
    "hand_role:block": 0.4329111591743432,
    "hand_role:debuff": -3.3361319404116654,
    "hp_ratio": 13.395788503417608,
    "low_hp": -3.6429508257556513,
    "map_elite_at_low_hp": 0.8769302669352061,
    "map_node:boss": -10.694795918949364,
    "map_node:boss|low_hp": 1.8251191657049735,
    "map_node:combat": 3.1652099161027025,
    "map_node:combat|low_hp": 0.06483609489683528,
    "map_node:elite": -6.970942011205507,
    "map_node:elite|low_hp": 0.23601114883082164,
    "map_node:event": 1.759467747660759,
    "map_node:event|low_hp": -2.8875692644960314,
    "map_node:treasure": 1.895312887715169,
    "map_node:treasure|low_hp": -4.869918278126057,
    "map_node:waiting_room": 1.522043556727772,
    "map_node:waiting_room|low_hp": -0.05132166104127267,
    "map_treasure": 1.895312887715169,
    "map_waiting_room_at_low_hp": -3.3473745216984563,
    "missing_hp_ratio": 11.136580938149581,
    "phase:card_reward": -17.382427417743216,
    "phase:card_reward|action:choose_card_reward": -14.209631233362682,
    "phase:card_reward|action:skip_card_reward": -3.172796184380441,
    "phase:combat": -6.507421276883356,
    "phase:combat|action:end_turn": -3.9319508415568305,
    "phase:combat|action:play_card": -2.5754704353246236,
    "phase:map": -9.323703821948726,
    "phase:map|action:choose_map_node": -9.323703821948726,
    "play_block_norm": -0.4831714609537211,
    "play_block_per_cost": -0.9663429219074422,
    "play_cost_norm": -0.4786733309538437,
    "play_damage_norm": 1.071293196601688,
    "play_damage_per_cost": 2.142586393203376,
    "play_damage_vs_weak_enemy": 2.4891466132922937,
    "play_quality_at_low_hp": 19.29552455417014,
    "play_quality_norm": -0.06821842454355412,
    "play_role:attack": -1.0522462887165962,
    "play_role:attack_debuff": -1.1826817373960314,
    "play_role:attack_debuff|phase:combat": -1.1826817373960314,
    "play_role:attack|phase:combat": -1.0522462887165962,
    "play_role:block": -0.5226461897647446,
    "play_role:block|phase:combat": -0.5226461897647446,
    "play_role:debuff": 0.1821037805540104,
    "play_role:debuff|phase:combat": 0.1821037805540104,
    "play_status_norm": -1.5681465385672042,
    "play_utility_norm": -0.5880549519612996,
    "relic_count_norm": -8.478019792269963,
    "reward_block_norm": 2.789858764855,
    "reward_block_per_cost": 5.57971752971,
    "reward_damage_norm": 2.156681335961516,
    "reward_damage_per_cost": 4.313362671923032,
    "reward_low_deck_attack": 2.6744566770892435,
    "reward_low_deck_block": 0.021125350250940075,
    "reward_quality": 4.028572819740138,
    "reward_quality_norm": 4.028572819740138,
    "reward_role:attack": 10.852394995092046,
    "reward_role:attack_debuff": 8.571534691618476,
    "reward_role:block": 14.754869431393347,
    "reward_role:debuff": 9.35749160667447,
    "reward_status_norm": 5.7795338238409215,
    "reward_utility_norm": 2.1673251839403345,
    "skip_reward": -3.172796184380441,
    "skip_reward_large_deck": -4.197295203327633,
    "target_damage_lethal": 0.09584056772681968,
    "target_hp_norm": 1.0693050215745232,
    "target_is_weakest": 0.23937171209793506,
    "turn_norm": -3.0040143839127644,
    "weakest_enemy_hp_norm": -22.24090784224578
  }
}