{
  "config": {
    "alpha": 0.04,
    "card_reward_fallback_margin": 0.25,
    "epsilon_decay_episodes": 2500,
    "epsilon_end": 0.04,
    "epsilon_start": 0.4,
    "gamma": 0.96,
    "gradient_clip": 20.0,
    "heuristic_explore_probability": 0.65,
    "heuristic_tiebreak_margin": 0.1,
    "imitation_alpha": 0.04,
    "imitation_margin": 1.0,
    "imitation_target": 2.0,
    "low_hp_fallback_margin": 4.0,
    "low_hp_fallback_ratio": 0.35,
    "map_fallback_margin": 0.25,
    "medium_hp_fallback_margin": 1.5,
    "medium_hp_fallback_ratio": 0.55,
    "risk_aware_fallback": true,
    "weight_clip": 50.0
  },
  "name": "linear_q",
  "schema_version": 1,
  "uses_linear_approximation": true,
  "weights": {
    "action:choose_card_reward": -3.402292947690148,
    "action:choose_map_node": -3.365163343686537,
    "action:end_turn": 0.1945433172337484,
    "action:play_card": 0.5764897203672015,
    "action:skip_card_reward": -1.6716317296011314,
    "bias": 13.676992418205023,
    "critical_hp": -7.105159724336212,
    "deck_role:attack": 11.781221315738334,
    "deck_role:attack_debuff": -6.752438567473577,
    "deck_role:block": 20.080724457630915,
    "deck_role:debuff": -5.073706339662452,
    "deck_role:other": -6.3588084480210165,
    "deck_size_norm": -26.117550491948563,
    "enemy_count_norm": -16.646978311817534,
    "enemy_intent:unknown": 2.84630236335891,
    "enemy_total_hp_norm": -7.455542119465142,
    "energy_norm": 1.1796822918976668,
    "gold_norm": -32.7986480809234,
    "hand_role:attack": 1.1152228879741692,
    "hand_role:attack_debuff": -0.8625473843303013,
    "hand_role:block": -0.29815841132011645,
    "hand_role:debuff": -1.8371073830407898,
    "hand_role:other": 0.5144695715455014,
    "hp_ratio": 5.5035862992991165,
    "low_hp": -2.8939042176454373,
    "map_elite_at_low_hp": 1.0327338372064363,
    "map_node:boss": -11.183370509287993,
    "map_node:boss|low_hp": 1.743562815515574,
    "map_node:combat": 4.277489441608577,
    "map_node:combat|low_hp": 1.1282716920573288,
    "map_node:elite": -5.241506392643407,
    "map_node:elite|low_hp": 1.5551331841662017,
    "map_node:event": 4.055153261287109,
    "map_node:event|low_hp": -0.20653005305230185,
    "map_node:treasure": 0.9226835236360734,
    "map_node:treasure|low_hp": -3.2488766891139904,
    "map_node:waiting_room": 3.8043873317133357,
    "map_node:waiting_room|low_hp": 3.1834321112275163,
    "map_treasure": 0.9226835236360734,
    "map_waiting_room_at_low_hp": -1.0975519212502,
    "missing_hp_ratio": 8.173406118911851,
    "phase:card_reward": -5.073924677291279,
    "phase:card_reward|action:choose_card_reward": -3.402292947690148,
    "phase:card_reward|action:skip_card_reward": -1.6716317296011314,
    "phase:combat": 0.7710330375976403,
    "phase:combat|action:end_turn": 0.1945433172337484,
    "phase:combat|action:play_card": 0.5764897203672015,
    "phase:map": -3.365163343686537,
    "phase:map|action:choose_map_node": -3.365163343686537,
    "play_block_norm": -0.23576887824316797,
    "play_block_per_cost": -0.47153775648633595,
    "play_cost_norm": 0.14252807705278814,
    "play_damage_norm": -2.8175783313653517,
    "play_damage_per_cost": -5.655579262465169,
    "play_damage_vs_weak_enemy": 1.1479816113320827,
    "play_quality_at_low_hp": 17.133994805777597,
    "play_quality_norm": -2.128168476207846,
    "play_role:attack": 1.0578952821431635,
    "play_role:attack_debuff": 0.13615066489625366,
    "play_role:attack_debuff|phase:combat": 0.13615066489625366,
    "play_role:attack|phase:combat": 1.0578952821431635,
    "play_role:block": -0.1747042638239114,
    "play_role:block|phase:combat": -0.1747042638239114,
    "play_role:debuff": -0.09063476722920993,
    "play_role:debuff|phase:combat": -0.09063476722920993,
    "play_role:other": -0.3522171956186647,
    "play_role:other|phase:combat": -0.3522171956186647,
    "play_status_norm": 0.00910317953340914,
    "play_utility_norm": 0.003413692325027434,
    "relic_count_norm": -25.368412710197298,
    "reward_block_norm": 0.8459096216944936,
    "reward_block_per_cost": 1.6918192433889871,
    "reward_damage_norm": 1.3884265616424927,
    "reward_damage_per_cost": 2.288937146276625,
    "reward_low_deck_attack": -4.053392793875442,
    "reward_low_deck_block": -0.9074572624564082,
    "reward_quality": 1.4272217261570397,
    "reward_quality_norm": 1.4272217261570397,
    "reward_role:attack": 4.502552923170725,
    "reward_role:attack_debuff": 3.2527731800556197,
    "reward_role:block": 4.833769266825673,
    "reward_role:debuff": 3.1161008311371137,
    "reward_role:other": 2.2375582527088507,
    "reward_status_norm": 1.2737748022385513,
    "reward_utility_norm": 0.4776655508394584,
    "skip_reward": -1.6716317296011314,
    "skip_reward_large_deck": -3.4270230063298333,
    "target_damage_lethal": 0.03884022619086337,
    "target_hp_norm": 1.5217059607556855,
    "target_is_weakest": 0.16143934814147748,
    "turn_norm": -9.447805831688637,
    "weakest_enemy_hp_norm": -20.549762335669254
  }
}