{
  "config": {
    "alpha": 0.04,
    "card_reward_fallback_margin": 0.25,
    "epsilon_decay_episodes": 2500,
    "epsilon_end": 0.04,
    "epsilon_start": 0.4,
    "gamma": 0.96,
    "gradient_clip": 20.0,
    "heuristic_explore_probability": 0.65,
    "heuristic_tiebreak_margin": 0.1,
    "imitation_alpha": 0.04,
    "imitation_margin": 1.0,
    "imitation_target": 2.0,
    "low_hp_fallback_margin": 4.0,
    "low_hp_fallback_ratio": 0.35,
    "map_fallback_margin": 0.25,
    "medium_hp_fallback_margin": 1.5,
    "medium_hp_fallback_ratio": 0.55,
    "risk_aware_fallback": true,
    "weight_clip": 50.0
  },
  "name": "linear_q",
  "schema_version": 1,
  "uses_linear_approximation": true,
  "weights": {
    "action:choose_card_reward": -23.5375363587088,
    "action:choose_map_node": -15.428110873201994,
    "action:end_turn": -10.979932431802638,
    "action:play_card": -9.229198498812764,
    "action:skip_card_reward": -5.887919051822296,
    "bias": 24.229644285434144,
    "critical_hp": -3.2351581084922585,
    "deck_role:attack": 17.047126305909767,
    "deck_role:attack_debuff": -2.2904208811766247,
    "deck_role:block": 23.0938409979523,
    "deck_role:scaling": 8.580429627212387,
    "deck_size_norm": -7.280109041592781,
    "enemy_count_norm": -12.585230157696031,
    "enemy_intent:unknown": 4.324574756130921,
    "enemy_total_hp_norm": -10.78681034505443,
    "energy_norm": 1.9662739013766397,
    "gold_norm": -35.72341062828112,
    "hand_role:attack": 0.8050108897303825,
    "hand_role:attack_debuff": 1.0779891283699448,
    "hand_role:block": -0.5710647532073779,
    "hand_role:scaling": 0.11629423277639256,
    "hp_ratio": 22.174624964448157,
    "low_hp": -3.069463127626627,
    "map_elite_at_low_hp": 0.3861261891062108,
    "map_node:boss": -15.945934719113447,
    "map_node:boss|low_hp": 1.2732124629472603,
    "map_node:combat": 3.333946764902458,
    "map_node:combat|low_hp": 2.216468740884955,
    "map_node:elite": -8.238306272467476,
    "map_node:elite|low_hp": 0.4217847627829319,
    "map_node:event": 2.4988837039595757,
    "map_node:event|low_hp": -1.613508649817033,
    "map_node:treasure": 0.283688241533073,
    "map_node:treasure|low_hp": -6.905928152573287,
    "map_node:waiting_room": 2.639611407984088,
    "map_node:waiting_room|low_hp": 1.593554652793621,
    "map_treasure": 0.283688241533073,
    "map_waiting_room_at_low_hp": -3.2821636905079137,
    "missing_hp_ratio": 24.23608348669227,
    "phase:card_reward": -29.425455410531043,
    "phase:card_reward|action:choose_card_reward": -23.5375363587088,
    "phase:card_reward|action:skip_card_reward": -5.887919051822296,
    "phase:combat": -13.22424429729919,
    "phase:combat|action:end_turn": -10.979932431802638,
    "phase:combat|action:play_card": -9.229198498812764,
    "phase:map": -15.428110873201994,
    "phase:map|action:choose_map_node": -15.428110873201994,
    "play_block_norm": 0.21673067522476863,
    "play_block_per_cost": 0.43346135044953726,
    "play_cost_norm": 5.78736808125329,
    "play_damage_norm": 1.0002648986485596,
    "play_damage_per_cost": 1.9237515954019317,
    "play_damage_vs_weak_enemy": -2.501391034858917,
    "play_quality_at_low_hp": 13.467541243869274,
    "play_quality_norm": -1.0499217101152238,
    "play_role:attack": -2.2994717209488242,
    "play_role:attack_debuff": -2.757848151820596,
    "play_role:attack_debuff|phase:combat": -2.757848151820596,
    "play_role:attack|phase:combat": -2.2994717209488242,
    "play_role:block": -2.2551539341559237,
    "play_role:block|phase:combat": -2.2551539341559237,
    "play_role:scaling": -1.9167246918856893,
    "play_role:scaling|phase:combat": -1.9167246918856893,
    "play_status_norm": -0.9349145687412426,
    "play_strength_norm": -1.2898105133915938,
    "play_utility_norm": -1.156724534147718,
    "relic_count_norm": -28.803324155158272,
    "reward_block_norm": 6.013056082011683,
    "reward_block_per_cost": 12.026112164023367,
    "reward_damage_norm": -2.1934511439149116,
    "reward_damage_per_cost": 2.116029778350729,
    "reward_low_deck_attack": -0.02980343165271343,
    "reward_low_deck_block": -0.6124834409675638,
    "reward_low_deck_scaling": 0.3150155458142557,
    "reward_quality": 1.590758961932505,
    "reward_quality_norm": 1.590758961932505,
    "reward_role:attack": 28.521778175593255,
    "reward_role:attack_debuff": 24.625605270089366,
    "reward_role:block": 22.601871216964188,
    "reward_status_norm": 4.92512105401787,
    "reward_strength_norm": 1.043262573461611,
    "reward_utility_norm": 2.4989595036702084,
    "skip_reward": -5.887919051822296,
    "skip_reward_large_deck": -3.2181019639026753,
    "target_damage_lethal": -0.08712403714420072,
    "target_hp_norm": 0.060773992768786006,
    "target_is_weakest": 1.097377335492416,
    "turn_norm": -11.906158581068443,
    "weakest_enemy_hp_norm": -19.67905224622498
  }
}