policy,character_id,runs,wins,defeats,stalls,truncated,win_rate,average_reward,average_steps,average_completed_nodes,average_fights_won,average_gold,average_deck_size,average_relic_count,average_damage_dealt,average_damage_taken
heuristic,__overall__,50,3,47,0,0,0.06,23.434999999999913,179.92,9.02,5.78,194.16,15.72,1.6,337.28,68.18
heuristic,witch_clerk,50,3,47,0,0,0.06,23.434999999999913,179.92,9.02,5.78,194.16,15.72,1.6,337.28,68.18
linear_q,__overall__,50,14,36,0,0,0.28,47.96799999999994,130.76,9.14,5.86,215.44,15.76,1.68,341.86,64.76
linear_q,witch_clerk,50,14,36,0,0,0.28,47.96799999999994,130.76,9.14,5.86,215.44,15.76,1.68,341.86,64.76
random,__overall__,50,0,50,0,0,0.0,-6.318600000000014,110.84,7.52,4.2,136.16,13.48,1.16,205.36,71.38
random,witch_clerk,50,0,50,0,0,0.0,-6.318600000000014,110.84,7.52,4.2,136.16,13.48,1.16,205.36,71.38
