{
  "config": {
    "alpha": 0.04,
    "card_reward_fallback_margin": 0.25,
    "epsilon_decay_episodes": 2500,
    "epsilon_end": 0.04,
    "epsilon_start": 0.4,
    "gamma": 0.96,
    "gradient_clip": 20.0,
    "heuristic_explore_probability": 0.65,
    "heuristic_tiebreak_margin": 0.1,
    "imitation_alpha": 0.04,
    "imitation_margin": 1.0,
    "imitation_target": 2.0,
    "low_hp_fallback_margin": 4.0,
    "low_hp_fallback_ratio": 0.35,
    "map_fallback_margin": 0.25,
    "medium_hp_fallback_margin": 1.5,
    "medium_hp_fallback_ratio": 0.55,
    "risk_aware_fallback": true,
    "weight_clip": 50.0
  },
  "name": "linear_q",
  "schema_version": 1,
  "uses_linear_approximation": true,
  "weights": {
    "action:choose_card_reward": 49.89725571584402,
    "action:choose_map_node": -12.579206373061405,
    "action:end_turn": -10.066935751321083,
    "action:play_card": -5.345349205441524,
    "bias": 21.905764386016955,
    "critical_hp": 0.4918032796192776,
    "deck_role:attack_debuff": 7.474458547329791,
    "deck_role:block": 8.576910467563033,
    "deck_role:debuff": 2.980284402410486,
    "deck_role:other": 2.877214768244707,
    "deck_size_norm": 4.524733036094949,
    "enemy_count_norm": -0.5255475192301766,
    "enemy_intent:unknown": 1.7547414848235785,
    "enemy_total_hp_norm": 3.0506218770985605,
    "energy_norm": 49.67498683824582,
    "gold_norm": 1.9799012500803195,
    "hand_role:attack_debuff": -2.5085254922344724,
    "hand_role:block": -6.16222926763601,
    "hand_role:debuff": -5.184036267010269,
    "hand_role:other": -3.8449492041027145,
    "hp_ratio": 13.09967742839423,
    "low_hp": 2.923481723436338,
    "map_elite_at_low_hp": 0.011170458014101374,
    "map_node:boss": -2.733971293037827,
    "map_node:boss|low_hp": 0.41871328033492317,
    "map_node:combat": -1.9998872531942016,
    "map_node:combat|low_hp": 0.24698347609125165,
    "map_node:elite": -1.5431318984621902,
    "map_node:elite|low_hp": 0.04,
    "map_node:event": -2.795486966912272,
    "map_node:treasure": -0.8698576834384315,
    "map_node:treasure|low_hp": 0.19259516280360783,
    "map_node:waiting_room": -2.636871278016235,
    "map_node:waiting_room|low_hp": 0.05696489485135005,
    "map_treasure": -0.8698576834384315,
    "map_waiting_room_at_low_hp": 0.5200812544531304,
    "missing_hp_ratio": 8.80608695762605,
    "phase:card_reward": 49.89725571584402,
    "phase:card_reward|action:choose_card_reward": 49.89725571584402,
    "phase:combat": -15.412284956762713,
    "phase:combat|action:end_turn": -10.066935751321083,
    "phase:combat|action:play_card": -5.345349205441524,
    "phase:map": -12.579206373061405,
    "phase:map|action:choose_map_node": -12.579206373061405,
    "play_block_norm": 0.9997735171882114,
    "play_block_per_cost": 1.9995470343764228,
    "play_cost_norm": 2.7968533682383976,
    "play_damage_norm": -0.23064496688283337,
    "play_damage_per_cost": -0.46128993376566674,
    "play_damage_vs_weak_enemy": -3.199810089974963,
    "play_quality_at_low_hp": -1.1514091896249075,
    "play_quality_norm": 8.549080221623768,
    "play_role:attack_debuff": -2.0613632704498666,
    "play_role:attack_debuff|phase:combat": -2.0613632704498666,
    "play_role:block": -2.194953606684278,
    "play_role:block|phase:combat": -2.194953606684278,
    "play_role:debuff": -2.1308669580541952,
    "play_role:debuff|phase:combat": -2.1308669580541952,
    "play_role:other": 1.0418346297485337,
    "play_role:other|phase:combat": 1.0418346297485337,
    "play_status_norm": 22.56073135775405,
    "play_utility_norm": 8.460274259159723,
    "relic_count_norm": -6.356529018164113,
    "reward_block_norm": 2.8496528412577358,
    "reward_block_per_cost": 5.6993056825154715,
    "reward_quality": 2.21909207633722,
    "reward_quality_norm": 2.21909207633722,
    "reward_role:block": 15.297136870235661,
    "reward_role:debuff": 17.33430303800953,
    "reward_role:other": 17.26581580759886,
    "reward_status_norm": 5.835672425783067,
    "reward_utility_norm": 2.188377159668647,
    "target_damage_lethal": 0.04616802022816478,
    "target_hp_norm": -1.026103522222367,
    "target_is_weakest": 0.3000647751474944,
    "turn_norm": -3.705189377118805,
    "weakest_enemy_hp_norm": -0.6945835615532951
  }
}