{
  "config": {
    "alpha": 0.04,
    "card_reward_fallback_margin": 0.25,
    "epsilon_decay_episodes": 2500,
    "epsilon_end": 0.04,
    "epsilon_start": 0.4,
    "gamma": 0.96,
    "gradient_clip": 20.0,
    "heuristic_explore_probability": 0.65,
    "heuristic_tiebreak_margin": 0.1,
    "imitation_alpha": 0.04,
    "imitation_margin": 1.0,
    "imitation_target": 2.0,
    "low_hp_fallback_margin": 4.0,
    "low_hp_fallback_ratio": 0.35,
    "map_fallback_margin": 0.25,
    "medium_hp_fallback_margin": 1.5,
    "medium_hp_fallback_ratio": 0.55,
    "risk_aware_fallback": true,
    "weight_clip": 50.0
  },
  "name": "linear_q",
  "schema_version": 1,
  "uses_linear_approximation": true,
  "weights": {
    "action:choose_card_reward": 50.0,
    "action:choose_map_node": -45.976304044859575,
    "action:end_turn": -50.0,
    "action:play_card": 45.15373199397581,
    "bias": 17.137940401937033,
    "critical_hp": 43.918006182993274,
    "deck_role:attack": 39.88859704674991,
    "deck_role:attack_block": 47.4721492616875,
    "deck_role:attack_debuff": 49.912281386184155,
    "deck_role:block": 32.30504483181231,
    "deck_role:debuff": 47.4721492616875,
    "deck_size_norm": 39.31983063062958,
    "enemy_count_norm": 41.73771237977194,
    "enemy_intent:unknown": -15.724119196126068,
    "enemy_total_hp_norm": 45.968732845303926,
    "energy_norm": 43.748240219514635,
    "gold_norm": 40.79862331254256,
    "hand_role:attack": 25.866168783299027,
    "hand_role:attack_block": 45.98293551184548,
    "hand_role:attack_debuff": 48.64085571590118,
    "hand_role:block": 38.16439296595712,
    "hand_role:debuff": 33.73610427838709,
    "hp_ratio": 32.76493152177468,
    "low_hp": 33.637592967651905,
    "map_node:boss": -48.5240807781883,
    "map_node:boss|low_hp": -15.89943594975948,
    "map_node:combat": -24.054150376786755,
    "map_node:combat|low_hp": -11.624646530971471,
    "map_node:elite": -25.24943143837394,
    "map_node:event": -29.683272220959235,
    "map_node:event|low_hp": -3.12,
    "map_node:treasure": -15.569318921272854,
    "map_node:treasure|low_hp": -4.60829094245839,
    "map_node:waiting_room": -30.215291616861382,
    "map_node:waiting_room|low_hp": -2.6396794400707995,
    "map_treasure": -15.569318921272854,
    "map_waiting_room_at_low_hp": -1.7377324273317738,
    "missing_hp_ratio": 27.056848644392947,
    "phase:card_reward": 50.0,
    "phase:card_reward|action:choose_card_reward": 50.0,
    "phase:combat": 17.137940401937033,
    "phase:combat|action:end_turn": -50.0,
    "phase:combat|action:play_card": 45.15373199397581,
    "phase:map": -45.976304044859575,
    "phase:map|action:choose_map_node": -45.976304044859575,
    "play_block_norm": 46.378345192881554,
    "play_block_per_cost": 47.53035770894245,
    "play_cost_norm": 46.09310496914632,
    "play_damage_norm": 46.54849836780297,
    "play_damage_per_cost": 47.517361338669616,
    "play_damage_vs_weak_enemy": -5.994260207079141,
    "play_quality_at_low_hp": 49.165827456872805,
    "play_quality_norm": 48.36077493891036,
    "play_role:attack": 47.27526426513615,
    "play_role:attack_block": 42.422937935693845,
    "play_role:attack_block|phase:combat": 42.422937935693845,
    "play_role:attack_debuff": 39.440180710343746,
    "play_role:attack_debuff|phase:combat": 39.440180710343746,
    "play_role:attack|phase:combat": 47.27526426513615,
    "play_role:block": 44.61490362322853,
    "play_role:block|phase:combat": 44.61490362322853,
    "play_role:debuff": 50.0,
    "play_role:debuff|phase:combat": 50.0,
    "play_status_norm": 49.34507011230983,
    "play_utility_norm": 49.754401292116164,
    "relic_count_norm": 45.5320939977761,
    "reward_block_norm": 5.706163440803978,
    "reward_block_per_cost": 5.0875738003198,
    "reward_damage_norm": 6.328436752958312,
    "reward_damage_per_cost": 8.508207523179044,
    "reward_low_deck_attack": 1.5361014523730079,
    "reward_low_deck_block": 0.013404025362534072,
    "reward_quality": 7.621141420292137,
    "reward_quality_norm": 7.621141420292137,
    "reward_role:attack": 11.853331379250218,
    "reward_role:attack_debuff": 12.455832972689914,
    "reward_role:block": 15.925980766031993,
    "reward_role:debuff": 17.74382763861868,
    "reward_status_norm": 5.33297253313694,
    "reward_utility_norm": 1.999864699926352,
    "target_damage_lethal": -5.418371686204496,
    "target_hp_norm": 38.95191300310754,
    "target_is_weakest": 33.964809302918404,
    "turn_norm": 17.137940401937033,
    "weakest_enemy_hp_norm": 40.22478532794562
  }
}